url,name,address,city,state,phone
http://www.nesstax.com/,Results,"îƒˆ3220 W 57th St #104, Sioux Falls, SD 57108",Sioux Falls,SD,î‚°(605) 361-5311
https://www.kmwfcpa.com/,Results,"îƒˆ608 Augustana Ave, Harrisburg, SD 57032",Harrisburg,SD,î‚°(605) 336-7213
http://dakota.cpa/,Results,"îƒˆ5617 S Southeastern Ave, Sioux Falls, SD 57108",Sioux Falls,SD,î‚°(605) 705-6350
https://edgecpafirm.com/,Results,"îƒˆ601 W 86th St #105, Sioux Falls, SD 57108",Sioux Falls,SD,î‚°(605) 251-9452
https://dakotaaccounting.com/,Results,"îƒˆ5010 S Minnesota Ave, Sioux Falls, SD 57108",Sioux Falls,SD,î‚°(605) 900-0140
http://www.numbersandsuchprofllc.com/,Results,"îƒˆ1510 E 1st St, Tea, SD 57064",Tea,SD,î‚°(605) 595-5315
http://www.dakotaaccounting.com/,Results,"îƒˆ5010 S Minnesota Ave, Sioux Falls, SD 57108",Sioux Falls,SD,î‚°(605) 900-0140
https://www.mcginnisco.cpa/?utm_source=google&utm_medium=google_business_profile+&utm_campaign=website_click+,Results,"îƒˆ301 E 14th St Unit 100, Sioux Falls, SD 57104",Sioux Falls,SD,î‚°(605) 338-1932
http://www.nelsoncpas.com/,Results,"îƒˆ1701 S Minnesota Ave, Sioux Falls, SD 57105",Sioux Falls,SD,î‚°(605) 336-1988
https://www.cpahhh.com/,Results,"îƒˆ4501 W Homefield Dr, Sioux Falls, SD 57106",Sioux Falls,SD,î‚°(605) 361-1333
https://www.solution.cpa/,Results,"îƒˆ5011 E Rosa Parks Pl, Sioux Falls, SD 57110",Sioux Falls,SD,î‚°(605) 480-9500
https://www.elocpa.com/,Results,"îƒˆ6300 S Old Village Pl Unit 100, Sioux Falls, SD 57108",Sioux Falls,SD,î‚°(605) 271-1302
https://www.taxconsultantsinc.net/,Results,"îƒˆ1600 W 12th St, Sioux Falls, SD 57104",Sioux Falls,SD,î‚°(605) 275-4002
https://williams.cpa/,Results,"îƒˆ5140 E 57th St, Sioux Falls, SD 57110",Sioux Falls,SD,î‚°(605) 705-6050
http://www.enszcpa.com/,Results,"îƒˆ3720 S Kiwanis Ave, Sioux Falls, SD 57105",Sioux Falls,SD,î‚°(605) 339-1777
http://www.pearlcpafirm.com/,Results,"îƒˆ300 N Dakota Ave #602, Sioux Falls, SD 57104",Sioux Falls,SD,î‚°(605) 301-3177
http://www.busscpa.us/,Results,"îƒˆ800 S Western Ave Ste B, Hartford, SD 57033",Hartford,SD,î‚°(605) 789-7555
http://www.degrootcpa.com/,Results,"îƒˆ3204 S Madelyn Ln, Sioux Falls, SD 57106",Sioux Falls,SD,î‚°(605) 338-6653
https://www.eidebailly.com/locations/sioux-falls,Results,"îƒˆ345 N Reid Pl #400, Sioux Falls, SD 57103",Sioux Falls,SD,î‚°(605) 339-1999
http://www.sdcpa.org/,Results,"îƒˆ5024 S Bur Oak Pl #108, Sioux Falls, SD 57108",Sioux Falls,SD,î‚°(605) 334-3848
http://kmwfcpa.com/,Results,"îƒˆ6009 S Sharon Ave #101, Sioux Falls, SD 57108",Sioux Falls,SD,î‚°(605) 336-7213
http://www.hbt.cpa/,Results,,Harrisburg,SD,î‚°(605) 305-5450
https://saltandlightcpa.com/slg-cpa,Results,"îƒˆ316 N Main St, Mitchell, SD 57301",Mitchell,SD,î‚°(605) 550-0791
https://paramount.tax/harrisburg,Results,"îƒˆ2550 Interstate Dr Suite 300-D, Harrisburg, PA 17110",Harrisburg,PA,î‚°(272) 242-8850
http://www.redingbookkeeping.com/,Results,"îƒˆ2401 W Trevi Pl Unit 202, Sioux Falls, SD 57108",Sioux Falls,SD,î‚°(605) 767-1197
https://www.cascpa.net/,Results,"îƒˆ4460 Linglestown Rd, Lower Paxton Township, PA 17112",Lower Paxton Township,PA,î‚°(717) 657-2827
https://tools.usps.com/locations/details/1366306?utm_source=google-my-business-url&utm_medium=search&utm_campaign=yext,Results,"îƒˆ518 Cliff Ave, Harrisburg, SD 57032",Harrisburg,SD,î‚°(800) 275-8777
http://www.seidelassoc.com/,Results,"îƒˆ5721 Jonestown Rd, Harrisburg, PA 17112",Harrisburg,PA,î‚°(717) 545-6385
http://www.wrccpa.com/,Results,"îƒˆ207 Douglas Ave, Yankton, SD 57078",Yankton,SD,î‚°(605) 665-4401
http://www.freidel.cpa/,Results,"îƒˆ429 Quincy St, Rapid City, SD 57701",Rapid City,SD,î‚°(605) 593-5643
https://enszcpa.com/TE.php,Results,"îƒˆ3720 S Kiwanis Ave, Sioux Falls, SD 57105",Sioux Falls,SD,î‚°(605) 339-1040
http://www.integritycpaaccounting.com/,Results,"îƒˆ708 9th Ave SE #236, Watertown, SD 57201",Watertown,SD,î‚°(605) 877-5344
http://whitleyaccounting.com/,Results,"îƒˆ26551 462nd Ave, Hartford, SD 57033",Hartford,SD,î‚°(605) 681-6205
http://www.midwestledgers.com/,Results,"îƒˆ400 S Sycamore Ave Ste 104-8, Sioux Falls, SD 57110",Sioux Falls,SD,î‚°(605) 501-4541
https://qualityacct.com/,Results,"îƒˆ100 N Krohn Pl Ste 304, Sioux Falls, SD 57103",Sioux Falls,SD,î‚°(605) 254-6917
https://www.nightowltaxpro.com/,Results,,Harrisburg,SD,î‚°(605) 799-5388
http://www.caseypeterson.com/,Results,"îƒˆ909 St Joseph St Ste 101, Rapid City, SD 57701",Rapid City,SD,î‚°(605) 348-1930
http://www.innovativeaccountingandtax.com/,Results,,Harrisburg,SD,î‚°(605) 610-5725
http://www.compass-tax.com/,Results,"îƒˆ620 W 18th St, Sioux Falls, SD 57104",Sioux Falls,SD,î‚°(605) 332-5255
https://www.debergtax.com/,Results,"îƒˆ3400 S Duluth Ave, Sioux Falls, SD 57105",Sioux Falls,SD,î‚°(605) 333-0093
https://theemeraldedge.com/,Results,,Harrisburg,SD,î‚°(888) 963-3033
http://www.trucountcpa.com/,Results,"îƒˆ2301 Research Park Way #208, Brookings, SD 57006",Brookings,SD,î‚°(866) 936-8024
https://hernandeztaxoffice.com/,Results,"îƒˆ306 4th St suite 107, Brookings, SD 57006",Brookings,SD,î‚°(605) 540-0787
https://www.hildebrantcpa.com/,Results,"îƒˆ417 8th St S, Brookings, SD 57006",Brookings,SD,î‚°(605) 697-6404
